"Run","Model","Dataset","Train_RMSE","Train_MAE","Train_R2","Test_RMSE","Test_MAE","Test_R2"
1,"M5","abalone",0.0745912066934804,0.0520793130195981,0.58667542873801,0.0731205738253108,0.0507483899909099,0.543243145756469
1,"M5E","abalone",0.0759191603162797,0.0526925155021441,0.571827520297663,0.0712137552252942,0.049391593868123,0.56675489323492
1,"M5","auto",0.0683202401378209,0.0490929491595867,0.890787354877605,0.0775220647642591,0.0571227405754777,0.819990776216222
1,"M5E","auto",0.065806897058635,0.0464607618025406,0.898674913276958,0.0760822330873296,0.0543856015474628,0.826615369008948
1,"M5","bos_housing",0.0594996187021338,0.0425133507162726,0.908927006314329,0.0689773774752372,0.0535590932295863,0.919233345814085
1,"M5E","bos_housing",0.0503208261178099,0.0359007694049481,0.934858647398898,0.0629341959100019,0.0489517280719119,0.932765510626287
1,"M5","cali_housing",0.0905582703841894,0.0579348696159966,0.856350887501406,0.0969271275116586,0.0629581374074472,0.820238215451533
1,"M5E","cali_housing",0.0833369532720614,0.0528411926455193,0.878347245487904,0.0895867134640807,0.0580327173029271,0.846434416180088
1,"M5","CASP",0.196865048464257,0.136983984434654,0.543447835266989,0.203631229927049,0.142729558901913,0.510740477811143
1,"M5E","CASP",0.176928280378304,0.124656903067101,0.631236708175732,0.18261435460472,0.128780761787093,0.60652210121985
1,"M5","elevators",0.0323849873274084,0.0236771975584203,0.900464255037529,0.035451209287194,0.0243166463727056,0.885480776601631
1,"M5E","elevators",0.0312083312824575,0.0228300544251756,0.907565796512708,0.0334719073384213,0.0235350359609339,0.897911409634853
1,"M5","fried",0.032567491837958,0.0258886275256365,0.95730442123086,0.0335505040858142,0.0266817798097921,0.95460267134387
1,"M5E","fried",0.0314988327054802,0.0250824334286824,0.960060447102181,0.0322947039552847,0.0255332536100248,0.957937525893334
1,"M5","machine",0.022374576580711,0.0150302347684807,0.976533541344355,0.0248354607687663,0.0161896629216812,0.878498485518551
1,"M5E","machine",0.0274343921189717,0.0170944936914189,0.964719999116545,0.0254110733381136,0.0157914095649094,0.872801125979801
1,"M5","MV",0.000298437991754075,0.000133686727485891,0.999998397765679,0.000299255858947653,0.000131863914633021,0.999998322509376
1,"M5E","MV",0.000229981816492448,0.000122695536584345,0.99999904850872,0.000266551545717739,0.0001244438502238,0.999998669125242
1,"M5","servo",0.0451661222885869,0.0308600213623032,0.962135025628583,0.0382674278585836,0.0269823780399057,0.972730434650758
1,"M5E","servo",0.0451661222885869,0.0308600213623032,0.962135025628583,0.0382674278585836,0.0269823780399057,0.972730434650758
2,"M5","abalone",0.0745057827125231,0.0518657549712049,0.574903185258387,0.0784125670136869,0.0549088169553878,0.574271336944806
2,"M5E","abalone",0.0743524403374003,0.0517938976781102,0.576651191197893,0.0789012552271829,0.054957876186907,0.568948290012623
2,"M5","auto",0.0608304222468689,0.0450107175731479,0.91285556932528,0.120088014295577,0.0800385323830205,0.670832880362182
2,"M5E","auto",0.0615046784172904,0.0444823310684977,0.910913011354769,0.0987057360567151,0.0644271938781626,0.777616837111452
2,"M5","bos_housing",0.0635404982711169,0.0455053758960139,0.901090956217011,0.0482480264977197,0.03807888324549,0.934446267570384
2,"M5E","bos_housing",0.0475288121527166,0.0357802812953667,0.944658784717341,0.0505659723708684,0.0392197068658919,0.92799626212061
2,"M5","cali_housing",0.0893979402014557,0.0578250310968144,0.859713407754786,0.101952767492553,0.0631619029461452,0.815846642021557
2,"M5E","cali_housing",0.0826825907793884,0.0528172627006841,0.879997776352446,0.0938743073416803,0.0583939470667469,0.843874049523946
2,"M5","CASP",0.196415085964083,0.135451862949537,0.544227514190792,0.212235282311684,0.145261460619213,0.483110717772034
2,"M5E","CASP",0.174801937764142,0.123435957174491,0.639013544917867,0.190061103982061,0.133507354816518,0.585476787171978
2,"M5","elevators",0.0333050290204603,0.0239495750310757,0.892479405968584,0.0331506331820586,0.0237394660686807,0.903076073905477
2,"M5E","elevators",0.0317789787463065,0.0231338109689949,0.902106941979796,0.0324136116445764,0.0231969682503507,0.907337888815417
2,"M5","fried",0.0328385026311974,0.0260690870708506,0.956720011771946,0.0332426485243713,0.0264110597694763,0.953876560486213
2,"M5E","fried",0.0313264476204014,0.0248921001536966,0.960613921648475,0.0318308410370068,0.0252250713669634,0.957711071835792
2,"M5","machine",0.0292105055666879,0.0175027603140509,0.942093328183663,0.0565930459060644,0.03731732016586,0.932903314266704
2,"M5E","machine",0.0310102550484272,0.018159283796799,0.934737886595624,0.040349015407727,0.0261857649219935,0.965893212601189
2,"M5","MV",0.00031191596521885,0.000134547346992058,0.999998234065204,0.000302513163067506,0.000135467541623277,0.99999835426572
2,"M5E","MV",0.000257995336496882,0.000124128816018516,0.999998791843578,0.000262513088567966,0.000126342138691969,0.9999987607096
2,"M5","servo",0.0355445179134237,0.0177989476386041,0.972788077194103,0.0891621050376546,0.0439117421945266,0.906505879974283
2,"M5E","servo",0.0355445179134237,0.0177989476386041,0.972788077194103,0.0891621050376546,0.0439117421945266,0.906505879974283
3,"M5","abalone",0.074876451686893,0.0519375251471109,0.578263923235213,0.0791194626852489,0.0557222321186462,0.515695226868643
3,"M5E","abalone",0.0752451469664533,0.0523860323365774,0.574100399923562,0.079271737967427,0.0558113555996205,0.51382922293589
3,"M5","auto",0.0714352230032092,0.0509167959903862,0.880956284916274,0.0843247728892334,0.0692613311091604,0.843858065651685
3,"M5E","auto",0.0689607308621064,0.0486579123813788,0.889060712253114,0.0894155426698374,0.0669088668783896,0.824436096575286
3,"M5","bos_housing",0.0621904527047489,0.0416019510638022,0.908057292933764,0.102299990873344,0.0582965105194152,0.785651216781802
3,"M5E","bos_housing",0.0515877797222029,0.0380690970524072,0.936734998361576,0.0798419585706507,0.0550859601279489,0.869433369536606
3,"M5","cali_housing",0.0908906310017594,0.0585132236487382,0.853035060399043,0.109199604788587,0.0662409918910748,0.8018598418196
3,"M5E","cali_housing",0.0828506383307471,0.0527079349509682,0.877885504046737,0.0968114162491094,0.0605144899097174,0.844265971114341
3,"M5","CASP",0.197060823959556,0.137659318659475,0.541768672666464,0.208887127137616,0.147178962395218,0.486305458682012
3,"M5E","CASP",0.174332925806534,0.122602264304781,0.641372964779828,0.18930987895702,0.133524842625324,0.578081904207018
3,"M5","elevators",0.0316459667765111,0.0231929530832005,0.900182785572452,0.0341402804963802,0.0248711639221121,0.899213890555801
3,"M5E","elevators",0.0312810346785631,0.022901327030983,0.902471638100627,0.0332257624780031,0.0243060001608715,0.90454110053667
3,"M5","fried",0.0326193442908901,0.025922934810806,0.957027936825267,0.0332559247645643,0.0265144254079105,0.955300267081459
3,"M5E","fried",0.0315086728398414,0.0250574952440826,0.959904468579055,0.032151541323211,0.0256425417105231,0.958219804738995
3,"M5","machine",0.0263207133813116,0.0171038694025324,0.966672166586363,0.0854067781911045,0.0387398876207768,0.507376446573057
3,"M5E","machine",0.0253426209932391,0.0169058221381878,0.969103105698873,0.0460949640139149,0.023793390243402,0.856504773328042
3,"M5","MV",0.000321885867028898,0.000130676720301035,0.999998122712598,0.000297975600591813,0.000129746288084047,0.999998405621661
3,"M5E","MV",0.000235611993372744,0.000121134421308574,0.999998994176599,0.000249727979142652,0.000121896215803133,0.999998880138321
3,"M5","servo",0.0356815245251502,0.0224349473160847,0.972743576484867,0.0448654673728428,0.0307671416367335,0.927358106697295
3,"M5E","servo",0.0356815245251502,0.0224349473160847,0.972743576484867,0.0448654673728428,0.0307671416367335,0.927358106697295
4,"M5","abalone",0.0747540034227406,0.0523617704686122,0.585914635753768,0.0759302133482746,0.0544119260629724,0.557338639913741
4,"M5E","abalone",0.0749861262834566,0.0522982187373593,0.583339043633468,0.0759752055350157,0.0539135036560989,0.556813889557701
4,"M5","auto",0.0714103086042344,0.0525707562629598,0.880672092743688,0.0888823935315824,0.0580404451756092,0.816090953799439
4,"M5E","auto",0.0655891522405533,0.0479147885625039,0.899333669158508,0.100395682067452,0.0593072014042281,0.76536020064345
4,"M5","bos_housing",0.0640386988270964,0.0459588865407822,0.894503254003532,0.106377231613132,0.0602587873425359,0.791885872783653
4,"M5E","bos_housing",0.0577012312258886,0.0411204138641195,0.914350619433434,0.088250625305381,0.0536915355692729,0.856768092169729
4,"M5","cali_housing",0.0884599207486958,0.0572087831438389,0.862490934540852,0.107310615235505,0.0675534517237133,0.792716336897449
4,"M5E","cali_housing",0.08160790653732,0.0519451998151321,0.882968515756378,0.098186483350295,0.0610811925519581,0.826466583772072
4,"M5","CASP",0.195597614558241,0.136158581345671,0.55024656831331,0.208835728319545,0.145699659168016,0.475545918020647
4,"M5E","CASP",0.175495932359707,0.123653212107035,0.637939215983567,0.186908665919469,0.13348929076671,0.579896071406042
4,"M5","elevators",0.0324712493318653,0.0234748233890098,0.89897661048695,0.0351590035100109,0.0246455145610463,0.878399311545259
4,"M5E","elevators",0.0313573158527411,0.0231127198174774,0.905788981269629,0.0337070972522503,0.0240169276438474,0.888235050395715
4,"M5","fried",0.0324788683549961,0.0257526675511993,0.957430717966229,0.0336992971087482,0.0269236532838388,0.953780365019215
4,"M5E","fried",0.0313927422231516,0.0249228675472014,0.960230232186546,0.0326059461907993,0.0261912452031387,0.956730842288101
4,"M5","machine",0.0370586265575607,0.0211154424506945,0.92344622921442,0.0736308938691516,0.0339792602350659,0.882586719864639
4,"M5E","machine",0.0234780568782993,0.0156960376343621,0.96927355975328,0.0585133774780886,0.0318840441403801,0.925850639589754
4,"M5","MV",0.000281917946993854,0.00013151755264716,0.999998567203922,0.000587742864108931,0.000145256875581814,0.999993680046577
4,"M5E","MV",0.000240359109879862,0.000123474497714377,0.999998958497996,0.000309291824831744,0.000128015620968021,0.999998249846949
4,"M5","servo",0.033891492851529,0.0254395084245087,0.977954495430538,0.0721409190278701,0.0537108108669615,0.891382601841611
4,"M5E","servo",0.033891492851529,0.0254395084245087,0.977954495430538,0.0721409190278701,0.0537108108669615,0.891382601841611
5,"M5","abalone",0.0748693471260391,0.0520967095805275,0.570867941977242,0.0803515176418326,0.0564141984966447,0.579195605900479
5,"M5E","abalone",0.0750429397432495,0.0520510278703326,0.568875657516555,0.0807255941928519,0.0563293915802218,0.575268375169051
5,"M5","auto",0.0638678104286734,0.0455753537000179,0.905373463195308,0.102704956771588,0.0756356219603593,0.739652419445592
5,"M5E","auto",0.0654305365702853,0.0462233852678391,0.900686141715419,0.0907431855350542,0.0694039382357547,0.796764869834024
5,"M5","bos_housing",0.0718661364444235,0.0491257350752694,0.872889549065848,0.124272337295159,0.0720677914631133,0.55892502516877
5,"M5E","bos_housing",0.0543972045999762,0.0378507948082813,0.927174105258529,0.0910396316185363,0.0508744241696557,0.763285714310061
5,"M5","cali_housing",0.0903344616131499,0.0581704906059786,0.856502399194834,0.0981210211811001,0.0637954288460399,0.831330311160116
5,"M5E","cali_housing",0.0825341992431855,0.0525225214135825,0.880214126813332,0.0898986483967341,0.0582838851174816,0.858414346567777
5,"M5","CASP",0.197200012079859,0.137926616782147,0.543513615657231,0.210752362719755,0.148065060274059,0.46871328410774
5,"M5E","CASP",0.174450162419291,0.123352700177673,0.64276277250466,0.188301355008697,0.132651198564957,0.575877860859408
5,"M5","elevators",0.0320605336808631,0.0235742044864727,0.897568634766753,0.0330993767683095,0.0242712161753309,0.905917995088561
5,"M5E","elevators",0.0315759369176356,0.0230021850342213,0.900641744444496,0.0327361116498922,0.0235722711869298,0.907971759814882
5,"M5","fried",0.0323694508140829,0.0256859973770565,0.957443698164363,0.0337082024575872,0.0268456911207702,0.95570887201893
5,"M5E","fried",0.0313123068001469,0.0248819437925031,0.960177974567938,0.0322478262027313,0.0256129454142736,0.959463481861472
5,"M5","machine",0.0212540650944329,0.0145101410210304,0.980670205076403,0.0161227639149216,0.0104221033170891,0.722477367447991
5,"M5E","machine",0.0246475049137397,0.0160494994073406,0.974005039759824,0.0133842953862517,0.00926153454665979,0.808746037117278
5,"M5","MV",0.000337883990039055,0.00013840555530764,0.999997922751044,0.000345917313858161,0.000141259181784344,0.999997946431332
5,"M5E","MV",0.000221247571671407,0.000119166700076071,0.999999109343285,0.000235285710377968,0.00012273986270463,0.999999049929718
5,"M5","servo",0.0375602805077125,0.0237895232457184,0.970708808146881,0.0610336639245824,0.0362251067682933,0.943615942705527
5,"M5E","servo",0.0375602805077125,0.0237895232457184,0.970708808146881,0.0610336639245824,0.0362251067682933,0.943615942705527
6,"M5","abalone",0.0747782044458997,0.052347783571443,0.571840077325361,0.0860324382644744,0.0596585541999226,0.465875027168769
6,"M5E","abalone",0.074126918717179,0.051552455032526,0.579265773052038,0.084727734863335,0.0586774245474898,0.481952463621525
6,"M5","auto",0.0663880912845347,0.0483360887809562,0.899342009903951,0.0682445287708394,0.0499386685614337,0.90893797740775
6,"M5E","auto",0.0657040223330947,0.0472464538689283,0.901405700845443,0.0638895208233164,0.0488872552423677,0.920189344925514
6,"M5","bos_housing",0.0651908885889826,0.0459398950337421,0.897402622335647,0.0716178969378916,0.0543106079711893,0.885336298190456
6,"M5E","bos_housing",0.0511831384715159,0.0372989992129773,0.93675644352288,0.0568477337797189,0.0398943858605065,0.927754775738248
6,"M5","cali_housing",0.0910802416219396,0.0589589523958571,0.85253020865873,0.101277263434744,0.0650730902203609,0.814048331042984
6,"M5E","cali_housing",0.0824524512937307,0.0528842973707638,0.879145768536688,0.0899356602159579,0.0570135821220348,0.853364197948175
6,"M5","CASP",0.196458306914406,0.137523205247927,0.544628640773719,0.207783438614246,0.14471799444075,0.496987576601282
6,"M5E","CASP",0.175334845682321,0.123737868303482,0.637288446876713,0.187576290268574,0.130910591961878,0.590067134765242
6,"M5","elevators",0.0316936546262644,0.023342736390879,0.904556737646967,0.0325502341592959,0.0239161128654951,0.896313217316457
6,"M5E","elevators",0.0310619070179508,0.0228717447289466,0.908323744937671,0.0319490623504783,0.0232614772662578,0.900107841316186
6,"M5","fried",0.0325106144835806,0.0257816325123363,0.957362862707418,0.0332168113651611,0.0264643139177991,0.955047406186086
6,"M5E","fried",0.0314255796262009,0.0249577080612886,0.960161381017192,0.0319776292881035,0.0254790031755638,0.958338835726781
6,"M5","machine",0.0306026629681852,0.0171686634707305,0.957571883269609,0.041422607894387,0.0278472988363858,0.858592818744022
6,"M5E","machine",0.0256875812800409,0.0156349665485322,0.970106157425629,0.0407471525466897,0.0260287670986469,0.863166914530015
6,"M5","MV",0.000287245097047572,0.000133278028652308,0.999998518788619,0.000362966901097553,0.000137538449933275,0.999997521096976
6,"M5E","MV",0.000239791470606343,0.000123608199368256,0.9999989677634,0.000244437580653579,0.000121481473910346,0.999998875753761
6,"M5","servo",0.0271513119356832,0.0177912282652088,0.986090390508732,0.0897880072104382,0.0376968431658255,0.675129635098845
6,"M5E","servo",0.0271513119356832,0.0177912282652088,0.986090390508732,0.0897880072104382,0.0376968431658255,0.675129635098845
7,"M5","abalone",0.0742136051096721,0.0521607713099778,0.568486798477617,0.0770772074756922,0.0519577943740931,0.542343410930627
7,"M5E","abalone",0.0744021596185629,0.0520026512275861,0.56629132178231,0.0770826682282191,0.0521360165881972,0.542278560685355
7,"M5","auto",0.0704827151165684,0.0524897836066439,0.882598444027881,0.0673097891602052,0.047488651990858,0.900437003236815
7,"M5E","auto",0.0652586063116663,0.0477539126482513,0.899356856989799,0.064862041047828,0.0465767230946252,0.907546635333303
7,"M5","bos_housing",0.0584457715189555,0.0424271038528716,0.913845880353107,0.145270422908999,0.0741073830403014,0.594034261236024
7,"M5E","bos_housing",0.0512045557367329,0.0377143127481249,0.933871745097052,0.112237051131539,0.0616907624429607,0.757669835668387
7,"M5","cali_housing",0.0895120587888982,0.0577860525210053,0.857366361742724,0.106397796682741,0.0674602302503077,0.807403794332014
7,"M5E","cali_housing",0.0823897118306462,0.0524430502613935,0.879161636296642,0.0982095418378359,0.0616782765706824,0.835907085864409
7,"M5","CASP",0.194923678917849,0.135894679636237,0.551467343780816,0.208259555344224,0.143089397829074,0.487306499127769
7,"M5E","CASP",0.175141238751395,0.123758981718745,0.637889012065123,0.185667445624414,0.129322888745108,0.592507646593243
7,"M5","elevators",0.0319530135818178,0.0233946618800028,0.898929631397925,0.034299710076647,0.0244890716186663,0.893286367902857
7,"M5E","elevators",0.0312438357721279,0.022949082739328,0.903366236423745,0.0343855339305824,0.0247033307458369,0.892751667561114
7,"M5","fried",0.0326082097830211,0.0258328877000832,0.95724132429172,0.0337587678788836,0.0269233599049656,0.952866017627966
7,"M5E","fried",0.0314497651973913,0.0249887316550878,0.960225461604418,0.032260762240837,0.0257007484997994,0.956956239220803
7,"M5","machine",0.0422940978456341,0.0237059221359464,0.920125087294807,0.0301262630785029,0.0227636386418006,0.935447592405603
7,"M5E","machine",0.0283918190502035,0.018371145197433,0.964005404112328,0.0282711276001525,0.02172520090111,0.943152917906184
7,"M5","MV",0.000308511602572594,0.000133326906090876,0.999998275956888,0.000310725136117766,0.000132750311593527,0.999998284237054
7,"M5E","MV",0.000228353699756688,0.000122177986227944,0.999999055458111,0.000236777776420613,0.000123352697249454,0.999999003708589
7,"M5","servo",0.0692013198664134,0.0389364716280857,0.904838443933094,0.0465514738413167,0.0379767966816027,0.928875169554617
7,"M5E","servo",0.0692013198664134,0.0389364716280857,0.904838443933094,0.0465514738413167,0.0379767966816027,0.928875169554617
8,"M5","abalone",0.0745517649322914,0.0519952383942881,0.574631650672018,0.0804870443563792,0.0568722577323795,0.56721389587904
8,"M5E","abalone",0.0742828161975104,0.0515375879523146,0.577695184415904,0.0805927616085341,0.0565357352603769,0.566076246817268
8,"M5","auto",0.0707879564541603,0.0505771692775139,0.880853009856196,0.074581836066058,0.0582705218664005,0.871221983595257
8,"M5E","auto",0.0684840696916963,0.0488051197841489,0.88848239165469,0.0756201566551226,0.0600793693302046,0.867611355558151
8,"M5","bos_housing",0.0787634731315562,0.0501394148151686,0.856013956193901,0.0867256595191592,0.0612924225069988,0.75210296878971
8,"M5E","bos_housing",0.0553692727226584,0.0386965605040307,0.928844525281519,0.0548608694532233,0.0397909225948755,0.90080232901346
8,"M5","cali_housing",0.0912530217233865,0.0583215096405095,0.853421304838284,0.0974950149820893,0.0627086973262487,0.827171186480086
8,"M5E","cali_housing",0.0825235462613869,0.0522093249681318,0.880124037437826,0.0893526669365073,0.0574545166677711,0.854833513070951
8,"M5","CASP",0.196040383815703,0.136122847024355,0.54762961856473,0.206735178676365,0.14267051677523,0.49447928233209
8,"M5E","CASP",0.175380191249996,0.123806861626373,0.637953667433203,0.186727203205073,0.131225601844852,0.587593619129174
8,"M5","elevators",0.0315408434935997,0.0234595458288663,0.903813272143269,0.0328694072694503,0.0245403117972877,0.905897458604839
8,"M5E","elevators",0.0318305968068292,0.023262045862469,0.902037895375443,0.0320436641126567,0.0236986032986688,0.910566145499145
8,"M5","fried",0.0325737482766608,0.0258453169636337,0.957246216958071,0.0329858128148041,0.0263289763035427,0.95515734994243
8,"M5E","fried",0.0316851282778211,0.0251735231205103,0.959547066863799,0.0316492428930324,0.0251508475666956,0.958717732795347
8,"M5","machine",0.0260956202434498,0.0165451739133654,0.969596981726611,0.0366199968434231,0.0266428333954638,0.764445011739553
8,"M5E","machine",0.0222968347735427,0.0144112654001503,0.977804349155116,0.0371035194060865,0.02776639958798,0.758183510286824
8,"M5","MV",0.000290698857751467,0.000134640926133602,0.999998474905189,0.000380910673610842,0.000137257913374804,0.999997328091732
8,"M5E","MV",0.000239909875825059,0.000123246481559097,0.999998961260984,0.000276220016775754,0.000124906312296931,0.999998594970141
8,"M5","servo",0.0550481025025465,0.0368791539536918,0.946053952851051,0.0927866430254217,0.0665389234470319,0.536844473429586
8,"M5E","servo",0.0550481025025465,0.0368791539536918,0.946053952851051,0.0927866430254217,0.0665389234470319,0.536844473429586
9,"M5","abalone",0.0739110288712293,0.0520414224124411,0.580369691305893,0.0694915083616128,0.0472344370509204,0.63870276991442
9,"M5E","abalone",0.0743732142476758,0.0519563473142085,0.575105161876432,0.0700337979518136,0.0473996449595474,0.633041870899316
9,"M5","auto",0.0663674068442254,0.0469567388993527,0.895693093754655,0.0751811688374005,0.0470029517837515,0.883169917469208
9,"M5E","auto",0.071110442065272,0.0512959093149709,0.880251488558264,0.0754557696352261,0.0473022607266415,0.882314910190373
9,"M5","bos_housing",0.0606171638693863,0.0436499808173385,0.917133246020268,0.0854375872243215,0.0549869353566035,0.672718412133229
9,"M5E","bos_housing",0.0520518927235193,0.038053642257544,0.938897053471,0.101152911782763,0.0565113919466929,0.541245433069993
9,"M5","cali_housing",0.0913260526271227,0.0583516662816724,0.852890937524899,0.101917360365467,0.0643759357684853,0.811800062661648
9,"M5E","cali_housing",0.0826579356240137,0.0526595068755558,0.87949108848673,0.0944043314073843,0.0588968490660347,0.838524372059243
9,"M5","CASP",0.197044167273233,0.136919235698107,0.542838504606691,0.208693120275471,0.144965412709163,0.491507805134285
9,"M5E","CASP",0.174838118339689,0.123389768137581,0.64007275289613,0.187831306778948,0.132138096956216,0.588088434457005
9,"M5","elevators",0.0319874852438802,0.023460993403872,0.902966868987638,0.0337272152463147,0.0237536831673401,0.885899156330063
9,"M5E","elevators",0.0314253553362955,0.0230885387493698,0.906347313004806,0.0329027106254309,0.0232901914991838,0.891409647503822
9,"M5","fried",0.0327281949547958,0.0259507511593817,0.956872621698594,0.0336521380056267,0.0268779465397159,0.953491948420303
9,"M5E","fried",0.0312968662173966,0.024874601002715,0.960562383617523,0.0321661918374679,0.025656357981776,0.957508494530608
9,"M5","machine",0.0253496993979329,0.0165750119414802,0.96790346201836,0.0545501147002148,0.0283926203703651,0.495745854107374
9,"M5E","machine",0.0261163366868155,0.0169422971327674,0.965932749738508,0.0546688327317781,0.0281027530196247,0.493548637791612
9,"M5","MV",0.000302301426093471,0.00013394475401042,0.999998351103153,0.000238973863380847,0.00012553586854833,0.999998951735815
9,"M5E","MV",0.000218682178609181,0.000117281799976195,0.999999137140908,0.000180330281264501,0.000111555311597029,0.999999403092193
9,"M5","servo",0.0720754548864432,0.0422359293228979,0.89934500450612,0.0354699877391649,0.0255221540739653,0.957086020048724
9,"M5E","servo",0.0720754548864432,0.0422359293228979,0.89934500450612,0.0354699877391649,0.0255221540739653,0.957086020048724
10,"M5","abalone",0.0749010381749757,0.0522323582717955,0.573388940271678,0.0822112705352585,0.0553227883451049,0.550496289220915
10,"M5E","abalone",0.0749083629766865,0.0521685011143631,0.573305496989977,0.0820577239647724,0.0546281660257018,0.55217380371307
10,"M5","auto",0.0754999938457107,0.052971231922012,0.86293617045852,0.078927226760886,0.0592987545635358,0.847797379919796
10,"M5E","auto",0.0730918001350706,0.049330035827628,0.871540465089356,0.0791519106923823,0.0616878689969425,0.846929589175195
10,"M5","bos_housing",0.0578223684647525,0.0425222846810328,0.919943200372176,0.0618816341660215,0.0435917813235119,0.88824450324615
10,"M5E","bos_housing",0.0561335385228752,0.0400652615082572,0.924551378233297,0.0777472251861289,0.0425642988929821,0.823593273441784
10,"M5","cali_housing",0.0910364050935826,0.0585419006644053,0.853245863641236,0.102207872482632,0.0634712302854315,0.810568039434427
10,"M5E","cali_housing",0.0829888687418032,0.0529471919792336,0.878044935357885,0.0928839091565334,0.0567038285046533,0.843553616712788
10,"M5","CASP",0.196377007870801,0.136212999489205,0.544636968932877,0.205381314886427,0.143156154063679,0.505516198836289
10,"M5E","CASP",0.1749055034409,0.123243522643672,0.638770307112293,0.1857455028594,0.131496542073838,0.59554815153654
10,"M5","elevators",0.0314769323887361,0.0232997541516582,0.903823884563273,0.0338918179941209,0.0245431628298897,0.8965699922968
10,"M5E","elevators",0.0311953466177302,0.0229962181286007,0.905536928975122,0.0322435167736551,0.0233927674830917,0.906385820809871
10,"M5","fried",0.0328966829486231,0.0261184462390477,0.956669177468685,0.0330243093805596,0.0262840293094451,0.95400620881311
10,"M5E","fried",0.0314183277993243,0.0249634305720924,0.960476185908707,0.0314075343791757,0.0249714622708064,0.958399417820628
10,"M5","machine",0.0233711934106272,0.0145409535752384,0.970883497695334,0.0728648636490653,0.0355093370527004,0.842048438691143
10,"M5E","machine",0.0209477836215374,0.0137720861733798,0.976608741815388,0.0628776416653577,0.0324366765488789,0.88238029148741
10,"M5","MV",0.000317193636138933,0.000140248738762601,0.99999818392268,0.000358956670146715,0.00013945411853744,0.99999764323958
10,"M5E","MV",0.000236020367287387,0.000124507782877082,0.999998994494692,0.000231932598478921,0.000124209301116097,0.999999016090922
10,"M5","servo",0.0239700857627839,0.0165308124085746,0.988892739874439,0.049395360683433,0.0302723962928511,0.940712102809651
10,"M5E","servo",0.0239700857627839,0.0165308124085746,0.988892739874439,0.049395360683433,0.0302723962928511,0.940712102809651
11,"M5","abalone",0.0752142794645554,0.0525857260506552,0.573377625053737,0.0695878600055126,0.0479119529391264,0.59608574764953
11,"M5E","abalone",0.0753236054717521,0.0525320875114953,0.572136509188734,0.0696392396730033,0.0479223112093816,0.595489073419819
11,"M5","auto",0.0708765675407709,0.0506607709671175,0.872839215938317,0.108986275344628,0.079032626602569,0.82315643975913
11,"M5E","auto",0.0674283995219151,0.0483606112554308,0.884911071764254,0.106647478886207,0.075651679927787,0.830664967679139
11,"M5","bos_housing",0.059135935232349,0.0420235520523406,0.920832237820728,0.0668532713164802,0.0514698765811577,0.883178862369483
11,"M5E","bos_housing",0.0490086714107917,0.0369076945541306,0.945625999304089,0.056936101140148,0.0449231163245141,0.915267200950846
11,"M5","cali_housing",0.0898861003373656,0.0575515424880952,0.858227640984008,0.102823050595342,0.062386930786746,0.806717230244033
11,"M5E","cali_housing",0.0824383180640083,0.0526373346382232,0.880748257788014,0.0908792267617234,0.057203221145537,0.849012352750658
11,"M5","CASP",0.196757333868464,0.1378907251708,0.545555804678378,0.208201219773927,0.145931596604356,0.474197161015325
11,"M5E","CASP",0.175127948131374,0.123419674257646,0.639977518507575,0.185581393771047,0.131841084838074,0.582241541726535
11,"M5","elevators",0.0319448203611393,0.0236688599613484,0.901101476739465,0.0317029837908882,0.0236387729038812,0.895083626069115
11,"M5E","elevators",0.0316132153105137,0.0231751168507829,0.903144063484513,0.0311646047137371,0.0227225435960952,0.898616742671491
11,"M5","fried",0.032427671860225,0.0257271452024127,0.957659969167297,0.0338224457752799,0.0268772222024478,0.95389489573025
11,"M5E","fried",0.0314920665717077,0.0250538188706891,0.96006791818558,0.0326332467749983,0.0259376754432026,0.957080015105058
11,"M5","machine",0.0290439443350131,0.0188329547048795,0.943674493821422,0.0947402628600593,0.0469962821631713,0.842783731670589
11,"M5E","machine",0.0241007865408719,0.0156444370382644,0.961215665458439,0.0648187038441277,0.0375263569837785,0.92640827250631
11,"M5","MV",0.000289798336792721,0.000133179008858479,0.99999848539053,0.000376597700219986,0.000141243040464637,0.999997478665273
11,"M5E","MV",0.00022697710839519,0.000116049220755969,0.999999070877433,0.000262978788681244,0.00011963242973319,0.999998770533727
11,"M5","servo",0.0331098844828698,0.0178030560342959,0.978056387747435,0.0404154562931766,0.029810163126845,0.972224990029934
11,"M5E","servo",0.0331098844828698,0.0178030560342959,0.978056387747435,0.0404154562931766,0.029810163126845,0.972224990029934
12,"M5","abalone",0.0748262931539323,0.0522759772299403,0.568943939285923,0.0724859962841514,0.0508669826086873,0.592261517548354
12,"M5E","abalone",0.0749376284690372,0.0520049665329822,0.567660233673814,0.0730060705796535,0.0513837550418555,0.586389623910466
12,"M5","auto",0.0728579999999325,0.0529508121020701,0.877757300711837,0.0727051553714874,0.0515778642279882,0.868462738265443
12,"M5E","auto",0.0718708333916795,0.0502746568005257,0.881047437531302,0.0700090111738385,0.0494900827549613,0.878037513424382
12,"M5","bos_housing",0.0539252058205164,0.0388451100592845,0.929861407726955,0.0653073525424456,0.0489148855644374,0.907285253998204
12,"M5E","bos_housing",0.051722789320959,0.0380872696006365,0.935473620581886,0.0544345379619845,0.0421550404226858,0.935586968673605
12,"M5","cali_housing",0.0902983248149927,0.0576940859914036,0.856061589707185,0.105060099768417,0.0667399161849977,0.799157685025645
12,"M5E","cali_housing",0.0821864221875925,0.0523296595212551,0.880761236325469,0.0950387078693867,0.0601756693611252,0.835645860484585
12,"M5","CASP",0.196843134363326,0.138546643382317,0.543113979829682,0.206013381979313,0.145002088072778,0.497309914500746
12,"M5E","CASP",0.175863320113201,0.124254732576261,0.635315032354649,0.186409114965352,0.131151958488258,0.588429967206728
12,"M5","elevators",0.0321190768289402,0.0235056073659143,0.901099454215876,0.0346592224599905,0.0255074872863717,0.87316441441628
12,"M5E","elevators",0.0312149419236231,0.0228243058789671,0.90658908153769,0.0333816303336975,0.0245159202746206,0.882342782322562
12,"M5","fried",0.0326156879481216,0.0258734719309622,0.957203444760241,0.0334801957290462,0.026780863038253,0.953678831077846
12,"M5E","fried",0.0315105238127476,0.0250451329049375,0.960054581814601,0.0320724379064909,0.0256607584473218,0.957492312435375
12,"M5","machine",0.0258425464240295,0.0167583905456826,0.97081192600319,0.031106166727432,0.0216209262588083,0.878733198370954
12,"M5E","machine",0.0256643663430934,0.0165473498783688,0.971213032318649,0.0269712945603051,0.0183164655521532,0.908829882061494
12,"M5","MV",0.000296821926881118,0.0001344810345721,0.999998405169096,0.000402508229078933,0.000139448588017113,0.999997093183432
12,"M5E","MV",0.0002232075429218,0.000120234491593868,0.99999909813732,0.000323403412944716,0.000128008475901979,0.999998123462287
12,"M5","servo",0.0558911290272658,0.027564812953211,0.939558520717489,0.0871120914416591,0.0493742835909283,0.813426465720248
12,"M5E","servo",0.0558911290272658,0.027564812953211,0.939558520717489,0.0871120914416591,0.0493742835909283,0.813426465720248
13,"M5","abalone",0.0729432736244172,0.0503051462499418,0.600625907941577,0.0795905599622834,0.0579537381981426,0.494182695724814
13,"M5E","abalone",0.073896998252642,0.0509847853000322,0.590114096415822,0.0776959242894505,0.05710485163549,0.517977803563371
13,"M5","auto",0.0714088499273088,0.0526964345739667,0.877395930355676,0.0759962708600715,0.0501758992810166,0.872430693170955
13,"M5E","auto",0.0657039307924714,0.0483273269728771,0.89620330779541,0.0742734949462906,0.0434888966779889,0.878148928608017
13,"M5","bos_housing",0.0651836520069235,0.0461184371055317,0.894214018082456,0.113107070516474,0.0668294711716165,0.794136827407284
13,"M5E","bos_housing",0.0520501619187735,0.0378738695700922,0.932547987200738,0.0971734271356514,0.0605740895698533,0.848052278339878
13,"M5","cali_housing",0.089742908697104,0.0579578975492829,0.857374066670393,0.102725256206855,0.0669169269257674,0.817011726477974
13,"M5E","cali_housing",0.0825883582727257,0.0524247228459497,0.879208636801619,0.0918684166750665,0.0588330073624643,0.853647125621018
13,"M5","CASP",0.19702752658422,0.136925519888985,0.543123769087883,0.204199002897075,0.141689244710592,0.502974416926989
13,"M5E","CASP",0.175183128657371,0.123832868166023,0.63881532900623,0.183117342370458,0.128274443203908,0.600303392024636
13,"M5","elevators",0.0316857844550251,0.0234601006636779,0.903290154856494,0.0324957646001349,0.0242625774677969,0.899440428627322
13,"M5E","elevators",0.0312797591315009,0.0229055779515519,0.905752777332174,0.0317821712640531,0.0234948125392112,0.903808428340088
13,"M5","fried",0.0325988177273126,0.0259366908981993,0.956894829695368,0.0336210482785656,0.0266638039703994,0.955530357674423
13,"M5E","fried",0.031303379627132,0.0248990060166746,0.960252655204738,0.0325219513612419,0.0257823732703485,0.958390324610088
13,"M5","machine",0.035833288731298,0.0208597913659974,0.922810751937183,0.0643281413686947,0.0334500571143141,0.918195531820263
13,"M5E","machine",0.0252944514542688,0.0163734829942626,0.961537810481481,0.0512740285749065,0.0246279620439251,0.948027943643769
13,"M5","MV",0.000295283125091828,0.000130953211098361,0.999998426689443,0.00034044683300482,0.000136289806936775,0.999997927222287
13,"M5E","MV",0.000238710093632184,0.00011961009745331,0.999998971797239,0.000309868098333411,0.000128392358521553,0.999998282851451
13,"M5","servo",0.0389576413834984,0.0229986745706902,0.971778758036772,0.037069424638393,0.0266183068412829,0.96804034316342
13,"M5E","servo",0.0389576413834984,0.0229986745706902,0.971778758036772,0.037069424638393,0.0266183068412829,0.96804034316342
14,"M5","abalone",0.0751330565723169,0.0524201035426618,0.570961015422588,0.0762976806426214,0.0543063061180705,0.548545695556009
14,"M5E","abalone",0.0749687968365858,0.0521081973061742,0.572834938744448,0.0751527353443489,0.053392123155963,0.56199334361281
14,"M5","auto",0.0611955567862036,0.0453083848009985,0.911076300163124,0.109165611849917,0.0737775650527785,0.713254434807552
14,"M5E","auto",0.0638434902200739,0.0465643835955882,0.903214346838122,0.0949533704066764,0.0592342914939252,0.783056934348808
14,"M5","bos_housing",0.053825155468665,0.0406847016664162,0.928876060700322,0.057027677692114,0.0420516492666632,0.940211514416802
14,"M5E","bos_housing",0.0572973865249956,0.0413307780432909,0.919403748544858,0.0480077115971178,0.0353459333970915,0.957629051134374
14,"M5","cali_housing",0.0893029238393737,0.0576868934671134,0.86001638284325,0.106207245970034,0.0670124941835851,0.795916199628053
14,"M5E","cali_housing",0.0821275503748395,0.0524815565377536,0.881607662953337,0.0952273435215396,0.0604298101990098,0.835932116072272
14,"M5","CASP",0.195533082634282,0.135848947433268,0.549648356884184,0.210434768588671,0.145722249723594,0.468245141774447
14,"M5E","CASP",0.174689196980747,0.123229545087301,0.640545972268856,0.187889379103809,0.131385593533737,0.576082899988747
14,"M5","elevators",0.0322064158703719,0.0238293075285518,0.901041430370435,0.0371464416061066,0.0250929300251338,0.866844333922329
14,"M5E","elevators",0.0314835056729221,0.0231448493590435,0.905434050840642,0.0337332918786687,0.0241625256465449,0.890189804510085
14,"M5","fried",0.0328661240850773,0.0260536430357747,0.956220137613812,0.0334663577251832,0.026513417788715,0.955190205752361
14,"M5E","fried",0.0315595125230952,0.0250928714554376,0.959631930241655,0.031809234875404,0.0251801928069098,0.959517949930839
14,"M5","machine",0.0333649570585794,0.0205418457167962,0.936013544612162,0.0213396207840175,0.0158354985462567,0.92991622066411
14,"M5E","machine",0.0225667815067377,0.0150087922854212,0.970728420333112,0.0267706284376591,0.0176236768346768,0.889703621954503
14,"M5","MV",0.000310624269753318,0.000139602007323676,0.999998251638558,0.000318972270104911,0.00014049585405867,0.999998193568232
14,"M5E","MV",0.000203354379812384,0.000121212376282255,0.999999250679678,0.000220002512507563,0.000125366387994263,0.999999140648212
14,"M5","servo",0.0687306063936839,0.0405688244529696,0.907965467393067,0.0646606804466585,0.0427332430904861,0.867327569946934
14,"M5E","servo",0.0687306063936839,0.0405688244529696,0.907965467393067,0.0646606804466585,0.0427332430904861,0.867327569946934
15,"M5","abalone",0.0745191430896344,0.0519417212139422,0.58458400093631,0.0721477263522171,0.0500051798636345,0.583756528354283
15,"M5E","abalone",0.0749535202013806,0.0522198470060647,0.579726910159392,0.0719618127434873,0.0502729270905154,0.585898955421144
15,"M5","auto",0.0660217087275667,0.0487111638585703,0.904733323176319,0.0556479745652083,0.042651926241998,0.913485138372606
15,"M5E","auto",0.0681263633984374,0.048883170726887,0.898562646679074,0.0512080101884243,0.0394595898098459,0.926739851432886
15,"M5","bos_housing",0.0604542391864305,0.0432285158213625,0.906188101925622,0.0714316027258,0.0498451934845749,0.897621704631931
15,"M5E","bos_housing",0.0539097440513592,0.0386143450116138,0.92539998016464,0.0515070743540374,0.0394814122697107,0.946769460294564
15,"M5","cali_housing",0.0891783821028239,0.0575070981398183,0.859774769449499,0.102468844579477,0.0642458605006052,0.815657939539301
15,"M5E","cali_housing",0.0822544636347752,0.0525522859064904,0.880703985650868,0.0951479540721707,0.0591364343628607,0.841057636203455
15,"M5","CASP",0.196169292817328,0.137128170712535,0.54558839836512,0.20358020539686,0.141974743507903,0.515331932145416
15,"M5E","CASP",0.175172821210566,0.123849186730265,0.637656223125673,0.184186365947942,0.12955143062521,0.603276187013917
15,"M5","elevators",0.0321593634801182,0.0233735050951412,0.899362351208818,0.0350446462734424,0.0257268418323666,0.891671091645617
15,"M5E","elevators",0.0312233416353103,0.0226279827921428,0.90513536171752,0.0343288091081142,0.0250076885136234,0.896051439239147
15,"M5","fried",0.0323803381884727,0.0256981707916372,0.957692332427799,0.0338502471056009,0.0268846963857736,0.953317182301317
15,"M5E","fried",0.0313788198025411,0.0249592246174436,0.960268996620589,0.0325964135091975,0.0259738060947122,0.956711452702064
15,"M5","machine",0.0207441017699637,0.0124443759537546,0.966919371208989,0.0600920302546587,0.035429188430705,0.687858155274379
15,"M5E","machine",0.0215798737912145,0.0139170396628214,0.964200060891506,0.040226324010632,0.0256104036256028,0.860125375709288
15,"M5","MV",0.000334051034583036,0.000137376134496778,0.999997987300882,0.000299897263442418,0.000139689700632423,0.999998391229071
15,"M5E","MV",0.000217383939097015,0.000123357886480109,0.999999147669318,0.000201690422625872,0.000123917747230201,0.999999272354654
15,"M5","servo",0.0282430087167235,0.0184466317309145,0.985637562930935,0.0406954165811479,0.02326601170242,0.920261668664795
15,"M5E","servo",0.0282430087167235,0.0184466317309145,0.985637562930935,0.0406954165811479,0.02326601170242,0.920261668664795
16,"M5","abalone",0.0746327603969886,0.0520459562274838,0.581259826180178,0.0811619466308938,0.0570152334293436,0.463129376599799
16,"M5E","abalone",0.0743692903685049,0.0516957547718724,0.58421109713266,0.0803344763282691,0.056422319431278,0.474020684974042
16,"M5","auto",0.0735219850087677,0.0536143217362773,0.870976332996687,0.0626197499976377,0.0438931061482643,0.922075268624776
16,"M5E","auto",0.0724912975794761,0.052780591697359,0.874568481452178,0.062330972989146,0.0429750137731917,0.922792326221997
16,"M5","bos_housing",0.075545126660134,0.0499715896137264,0.87032580010046,0.105848031547303,0.0526149691069957,0.76465943096199
16,"M5E","bos_housing",0.0575753609297701,0.0401570915408654,0.924679358883409,0.092164960501989,0.0515821373771089,0.821572040024309
16,"M5","cali_housing",0.0888946915732277,0.0573671497287611,0.858660517726264,0.108614867240934,0.0673873704742437,0.805569145434977
16,"M5E","cali_housing",0.0815938144634337,0.0521206623455499,0.880923430499003,0.0991717692840806,0.0610640539166164,0.837907561290698
16,"M5","CASP",0.197252123238804,0.137230082449749,0.542206894963499,0.212144667669709,0.147309582294357,0.471468470731651
16,"M5E","CASP",0.174674022848332,0.123095681579453,0.641009861337982,0.19029143760106,0.13400538595894,0.574749185558192
16,"M5","elevators",0.0329880873943213,0.0238905931537487,0.896502117122312,0.0341614709485793,0.0249704207830075,0.879062315251988
16,"M5E","elevators",0.0317246484377382,0.0230874698220728,0.904278206032157,0.0330786021968214,0.0242683494361556,0.886607893440438
16,"M5","fried",0.0324914454751037,0.0257719248292281,0.95727243806275,0.0336252917262048,0.0267710109930795,0.955872614530099
16,"M5E","fried",0.031541034037054,0.0250693931314888,0.95973553792947,0.032329330470383,0.0257629874313163,0.959208516882778
16,"M5","machine",0.0265518040481537,0.0177408897162167,0.954280298848429,0.145849995262273,0.0629354840824632,0.661098396642425
16,"M5E","machine",0.027654000660239,0.0176495422294557,0.950405758551075,0.106392797579576,0.0479376663491403,0.819662833241091
16,"M5","MV",0.000324689362657472,0.000133235315413491,0.999998091136875,0.000401422077348298,0.000142593678962272,0.999997144635593
16,"M5E","MV",0.000222214911471577,0.000121364701957024,0.999999105902123,0.00028782962174265,0.000130312373130214,0.999998531986642
16,"M5","servo",0.0341021346968968,0.0214326379675598,0.975624794983183,0.0350237584211745,0.0276594336822289,0.981578585908241
16,"M5E","servo",0.0341021346968968,0.0214326379675598,0.975624794983183,0.0350237584211745,0.0276594336822289,0.981578585908241
17,"M5","abalone",0.0751601364785696,0.0524049272849606,0.573278466828445,0.0754785303730012,0.0538173451223329,0.570895383181451
17,"M5E","abalone",0.0748571798323703,0.0522127105439867,0.576711605256838,0.0750108425739364,0.053095847919568,0.576196632004628
17,"M5","auto",0.0726159830489975,0.0519543105567849,0.872998290703361,0.0963151175603939,0.068792767274009,0.793707249885495
17,"M5E","auto",0.0656261824401999,0.047055734382124,0.896271187271963,0.0929568968182968,0.0673128752778673,0.807842083198593
17,"M5","bos_housing",0.0636458452393082,0.045893049986113,0.901473096069178,0.0938885419162499,0.0655511414800204,0.815319777377224
17,"M5E","bos_housing",0.0546301234278693,0.038409788283961,0.927409617891991,0.0793859216372051,0.0582865300420712,0.867967093848166
17,"M5","cali_housing",0.0880486348706507,0.0571500084413662,0.863266028805063,0.109669298788252,0.0682430510600364,0.784136026652349
17,"M5E","cali_housing",0.0815735706721643,0.0522884586906499,0.882637292719537,0.101440630018754,0.0623116952229482,0.815314028154436
17,"M5","CASP",0.196730044394631,0.136295973601601,0.541757425896976,0.20928849489954,0.14597411395094,0.503957483237679
17,"M5E","CASP",0.175081647110521,0.123445813099564,0.637059608564566,0.189692666720679,0.133190357758012,0.592498439062842
17,"M5","elevators",0.0323511229403124,0.0241061195779991,0.898528822966223,0.0328716356683379,0.024397982379021,0.889047516248697
17,"M5E","elevators",0.0314552903482069,0.0231228690246828,0.904070678105253,0.0315974261505706,0.0232060905890733,0.897482545520549
17,"M5","fried",0.0329235481722051,0.0260840651074751,0.955947640065979,0.0336642221831665,0.0267770019909439,0.955620433656623
17,"M5E","fried",0.0316452831566879,0.0251411842188177,0.959301923381064,0.0319845199823787,0.0255166894830392,0.95993865188012
17,"M5","machine",0.0296476198813454,0.0195274607906965,0.958063032027136,0.0321299172231743,0.021045923889579,0.931142177232564
17,"M5E","machine",0.0254034872930987,0.0168008628347893,0.969210400608485,0.0289163730980935,0.0196850217965345,0.944227294481977
17,"M5","MV",0.000303459668003677,0.000130361947358372,0.999998335623545,0.000277402041357826,0.000132126987979341,0.99999857525374
17,"M5E","MV",0.000225118129880183,0.000121731183906519,0.999999084052564,0.000231874284384725,0.000123766802588521,0.999999004540963
17,"M5","servo",0.0297472619049884,0.0205521442773361,0.982423054950636,0.0921606778093508,0.0430182896128456,0.857299342986776
17,"M5E","servo",0.0297472619049884,0.0205521442773361,0.982423054950636,0.0921606778093508,0.0430182896128456,0.857299342986776
18,"M5","abalone",0.074620196963131,0.0521907624462239,0.579450359674053,0.0835826335738086,0.0579477192213987,0.553798591766282
18,"M5E","abalone",0.0746344066404628,0.0520331649480148,0.579290176669524,0.0827203871674516,0.0572081214416663,0.562957218625869
18,"M5","auto",0.0645278779325612,0.047007840015964,0.901148121711447,0.0910882896799172,0.0606138788883112,0.858832092168237
18,"M5E","auto",0.064366474130793,0.0464345493019194,0.901642020325316,0.08828066581185,0.059279879283788,0.867400439993262
18,"M5","bos_housing",0.0609533768059395,0.0426966663558133,0.906258330527868,0.108915066517222,0.0571478314515942,0.767173494678471
18,"M5E","bos_housing",0.0516323431981675,0.0371872665687108,0.932736290801102,0.0986633490571988,0.0489499466282707,0.8089406905093
18,"M5","cali_housing",0.0912944677350874,0.0581052389358558,0.851935469781673,0.102773239581672,0.0655876820592658,0.814524607568441
18,"M5E","cali_housing",0.0830225663547221,0.0528033191937561,0.877551232234629,0.0926528124849515,0.0587897687670631,0.849254825234228
18,"M5","CASP",0.197591996229486,0.138509144754454,0.53838733009553,0.209857854945677,0.146870923610682,0.49096349976877
18,"M5E","CASP",0.174722836539298,0.123380760989026,0.63905721414137,0.189610590459701,0.132387976521379,0.584449655399758
18,"M5","elevators",0.0321174370294739,0.0235257950982404,0.901973169233119,0.0323457689033606,0.0239692518366355,0.884940552395117
18,"M5E","elevators",0.0314018875913364,0.0229228627675111,0.906292422955332,0.0315547141267243,0.0235223327057491,0.89049956967792
18,"M5","fried",0.0326837066121474,0.0259842262305548,0.957032538056923,0.0336117702525349,0.0268038217975569,0.953695871149127
18,"M5E","fried",0.0316191470220009,0.0251511032707722,0.959785988836021,0.0322013309249453,0.0256711712804763,0.957500424774946
18,"M5","machine",0.0285131298382356,0.0188352909399802,0.952511810259939,0.0457530928541857,0.0288588753029179,0.904921923152263
18,"M5E","machine",0.0243249609552205,0.0165677749297914,0.96543789901681,0.0810402601256169,0.0411324173814015,0.701708329006371
18,"M5","MV",0.00029660891068522,0.000132114736087776,0.999998412704843,0.000323492648779296,0.000133665096498913,0.999998059360373
18,"M5E","MV",0.000211814250902299,0.000118396922221872,0.999999190532054,0.000212965483765643,0.00011981833062142,0.999999158925423
18,"M5","servo",0.0540348994694445,0.036503561382645,0.936483633729645,0.0505759549919758,0.0344102423503119,0.935783509191897
18,"M5E","servo",0.0540348994694445,0.036503561382645,0.936483633729645,0.0505759549919758,0.0344102423503119,0.935783509191897
19,"M5","abalone",0.0757341823209042,0.0521931869960697,0.571675454616572,0.0766987980905567,0.0548551813104099,0.526904870206483
19,"M5E","abalone",0.0756492619571747,0.0524534462366653,0.57263547246782,0.0765483378548923,0.0549658075871324,0.528759193547319
19,"M5","auto",0.0749619951066622,0.0535639361972506,0.86711099247472,0.0904949220651546,0.0631127537426829,0.836209317174107
19,"M5E","auto",0.0719717546943354,0.0511884867360477,0.877501444778111,0.0859451321594206,0.0581875400149263,0.852265019146829
19,"M5","bos_housing",0.052081678132232,0.0390906643063215,0.930956964782892,0.0832669878997838,0.0606762536873225,0.880673189329884
19,"M5E","bos_housing",0.0502593674114722,0.0365243055068604,0.935703997406889,0.0729470789357308,0.0515787710069247,0.90841841928391
19,"M5","cali_housing",0.09119446630279,0.05846900838738,0.852735548687903,0.0977059834249769,0.0641380087443379,0.832493964633908
19,"M5E","cali_housing",0.083746237334027,0.0531871350512213,0.875808589776422,0.0896181331700406,0.0576190412534983,0.859077634436114
19,"M5","CASP",0.197987293301912,0.137549334272899,0.538174693348536,0.21004068346123,0.144761537674434,0.48757089739998
19,"M5E","CASP",0.175195248587184,0.123885190080078,0.638383916926281,0.18847168187066,0.132219049611494,0.587409567022044
19,"M5","elevators",0.032104688276304,0.0235369471324935,0.900215352942786,0.0328079968443067,0.0240443263972037,0.906349434577033
19,"M5E","elevators",0.0317441059154164,0.0232416838813364,0.90244421909192,0.0320099264683318,0.0234824521008399,0.910850209320407
19,"M5","fried",0.0325880998985591,0.0258750679999769,0.957207517829867,0.0332040869207542,0.0263984154802529,0.95554779082725
19,"M5E","fried",0.0313329060519704,0.0249080534943857,0.960440503673781,0.0320842708101604,0.0254586572358865,0.958495554896808
19,"M5","machine",0.0230473067507237,0.0153356155651356,0.976293548608393,0.0326571226185126,0.0229923250956899,0.341417066016389
19,"M5E","machine",0.0252448422919679,0.0166360334597895,0.97155725490971,0.0297293151302281,0.0210755394227106,0.454211415578419
19,"M5","MV",0.000315657747450257,0.000135614831151559,0.999998198383252,0.000358790770987442,0.000141979313592041,0.999997706247453
19,"M5E","MV",0.000222785954645835,0.000123433465544478,0.999999102560626,0.000234267791901511,0.000128161118634243,0.999999022111801
19,"M5","servo",0.0453525902393599,0.0282613194408755,0.963596981123209,0.0392312376585933,0.0282027082534918,0.920306333247827
19,"M5E","servo",0.0453525902393599,0.0282613194408755,0.963596981123209,0.0392312376585933,0.0282027082534918,0.920306333247827
20,"M5","abalone",0.0743321950304384,0.0518202364690675,0.592206835651747,0.0775395845977471,0.0532343831099188,0.50871851020685
20,"M5E","abalone",0.0750119914622972,0.0521113134625275,0.584713878856596,0.0776898528930433,0.0533969961081314,0.506812501392791
20,"M5","auto",0.0723069777744061,0.0521485619295074,0.877480544514774,0.068447227121039,0.0506523215439043,0.909927711953877
20,"M5E","auto",0.0662471741004783,0.0472915248705925,0.897155906764962,0.0683840464333339,0.0485347089460816,0.910093918909557
20,"M5","bos_housing",0.0611947735772582,0.044281805910793,0.912978716742165,0.0728317496013872,0.0542922244404396,0.88272356843136
20,"M5E","bos_housing",0.050292243271826,0.0374265054567657,0.941224161412506,0.0591977132881824,0.0456588991372674,0.922521871972142
20,"M5","cali_housing",0.0887689941554808,0.0571919053525175,0.85954107378075,0.102574463456686,0.0653286628944845,0.822662801031215
20,"M5E","cali_housing",0.0825974248110057,0.0527696832385961,0.878392667901757,0.0920808204217041,0.0581151316957829,0.857090961638266
20,"M5","CASP",0.195186791377136,0.135665818853552,0.551444434969252,0.209217668941097,0.14665129901999,0.481633925979624
20,"M5E","CASP",0.174978498347295,0.123410288583888,0.63951701578853,0.186473033013989,0.131812072770561,0.588213673448137
20,"M5","elevators",0.0322141261650334,0.0234299661189269,0.900492273848071,0.0328316236074817,0.0241577819787447,0.892793021939518
20,"M5E","elevators",0.0313456338970451,0.0229416579293714,0.905785400640267,0.0308756579857022,0.0231485459037185,0.905186369384166
20,"M5","fried",0.0326144213616595,0.0258971187690511,0.957187453831707,0.0336225522741851,0.0268380929450437,0.9531893040588
20,"M5E","fried",0.031615029740367,0.0251509606996177,0.959771032061287,0.0323043476580121,0.0256977695627454,0.956787868014155
20,"M5","machine",0.0285056132867072,0.0186747038008797,0.944642500718099,0.0614787860188328,0.0303858282597183,0.881704370212209
20,"M5E","machine",0.0215035009614325,0.0146740297041653,0.96849829717443,0.0468479398019811,0.0249486962138559,0.931309112382045
20,"M5","MV",0.000297738648401988,0.000132846146504689,0.999998399165314,0.000257692749831681,0.000132654160911857,0.999998773515491
20,"M5E","MV",0.000230637812433582,0.000123120646504734,0.999999039412168,0.000235262902882474,0.00012576281862035,0.999998977732461
20,"M5","servo",0.0428551624248306,0.0258327473096014,0.965060781063948,0.0410609123227112,0.0308660433139198,0.959770293931953
20,"M5E","servo",0.0428551624248306,0.0258327473096014,0.965060781063948,0.0410609123227112,0.0308660433139198,0.959770293931953
21,"M5","abalone",0.0748515958523548,0.0520591876343834,0.581669403359389,0.0757295769256845,0.0519766190807989,0.558042706889946
21,"M5E","abalone",0.0752424692182645,0.0521869802404761,0.577288969769683,0.075894695781612,0.0523803256329859,0.556113340781696
21,"M5","auto",0.0693934497198561,0.0503113524460686,0.888905371396558,0.091193359492371,0.0678905938298274,0.800697726728008
21,"M5E","auto",0.0677406990701893,0.0471549720399122,0.894134255998659,0.0897304641234064,0.0676239897774922,0.807040728676018
21,"M5","bos_housing",0.0573374031110874,0.0419010303555132,0.919196195886548,0.066319360816622,0.0467220528154332,0.905705126131438
21,"M5E","bos_housing",0.0511476177691928,0.0373351910919549,0.93570064882776,0.0527406504231796,0.0409235789995308,0.94036539004446
21,"M5","cali_housing",0.089559463382218,0.0578363577333123,0.857714295049214,0.099077195110285,0.0638145852791306,0.830345471425889
21,"M5E","cali_housing",0.0832335090644682,0.052810934263733,0.877104858608527,0.0914551115476626,0.0577367832252389,0.855444700448349
21,"M5","CASP",0.196615436470003,0.137125228041585,0.544367966096315,0.209720864499789,0.145167074780871,0.482711495049893
21,"M5E","CASP",0.175596255184144,0.123949604532505,0.636579412317573,0.186518864293613,0.131390989942045,0.590838206154439
21,"M5","elevators",0.0315553165160891,0.0233139551279597,0.902898758416628,0.0349192165858766,0.0255411397051968,0.8869607252079
21,"M5E","elevators",0.031446707068894,0.0232685032841845,0.903566028730102,0.0333792194905085,0.0247189253794561,0.896711318457334
21,"M5","fried",0.0324099949593356,0.0257620132477375,0.957766494904079,0.0333476628907635,0.0265739019403415,0.954359345711575
21,"M5E","fried",0.0315087394990994,0.0250830616729447,0.960082690737615,0.0322629912373462,0.0256204670318048,0.957280091200951
21,"M5","machine",0.0211663456962756,0.0140358530369961,0.980464378553403,0.0309538155304689,0.0205654130609414,0.849254791202496
21,"M5E","machine",0.0278309945289002,0.0160689559461572,0.966225190108636,0.0261149382814976,0.0184433712747135,0.89270162492509
21,"M5","MV",0.000273243097001757,0.000134484236064124,0.999998649923332,0.000249935385886619,0.000131518663546664,0.999998881136669
21,"M5E","MV",0.000225016010586865,0.000123645291940077,0.999999084439864,0.000229151946747213,0.000124405836324582,0.999999059478675
21,"M5","servo",0.0522885929515658,0.0261406931367563,0.943347339287119,0.0456364006724542,0.0336955979396917,0.917325993758639
21,"M5E","servo",0.0522885929515658,0.0261406931367563,0.943347339287119,0.0456364006724542,0.0336955979396917,0.917325993758639
22,"M5","abalone",0.0740815340701811,0.0521167760786011,0.591716473404999,0.0745111163149394,0.0523678623139858,0.539960813427504
22,"M5E","abalone",0.0739663617897714,0.0516965253368691,0.592984978244675,0.0742706148028059,0.0516234448463519,0.542925782077691
22,"M5","auto",0.0653910905869601,0.0468173940776745,0.902707263740291,0.0873357554218626,0.0714142934865823,0.743579241865849
22,"M5E","auto",0.0651924133425763,0.0460970941367569,0.903297573144659,0.0711103366871538,0.0579068807877938,0.830005649884963
22,"M5","bos_housing",0.0577181131012426,0.0377539067852287,0.916425174074166,0.0752375205747898,0.0595756195326516,0.832430899571841
22,"M5E","bos_housing",0.0505814545107707,0.0372347690606012,0.935814953772946,0.0669446946894401,0.052816153334896,0.867334707618538
22,"M5","cali_housing",0.0901479158889847,0.0579246126294436,0.856788275887943,0.0995994736621192,0.0643878060208622,0.815148339886148
22,"M5E","cali_housing",0.0822670910572391,0.0525557712821739,0.880733225641542,0.0937646803296469,0.0592262583924906,0.83617211555429
22,"M5","CASP",0.194987441853901,0.135299585760131,0.551715735085681,0.206806628273754,0.143625718854653,0.505147913115148
22,"M5E","CASP",0.174814787388044,0.123286370867796,0.639673216743746,0.186123521527737,0.131768364237768,0.599180335719839
22,"M5","elevators",0.0318098223328982,0.0236170795515335,0.903321813032101,0.0322513027138682,0.0241790886571568,0.898746318074909
22,"M5E","elevators",0.0316575477493411,0.0231217746961829,0.904245200409737,0.0318941052995227,0.0235052732891203,0.900976756199292
22,"M5","fried",0.0325030252798428,0.0257418699001862,0.957317413418407,0.0336094549221555,0.0266844948456704,0.954290440425923
22,"M5E","fried",0.0313905357270663,0.0249652556753335,0.960189226659028,0.0321087349317832,0.0255590051683506,0.958281326760945
22,"M5","machine",0.0248377819261985,0.0161191944886587,0.950858553146334,0.110391647047724,0.0605016652376974,0.78944413369874
22,"M5E","machine",0.023983403047921,0.0161946255785047,0.954181176699291,0.0935820025093893,0.0458527015510648,0.848685834164077
22,"M5","MV",0.000293635216674678,0.000131262906056585,0.999998443700646,0.000336831992404237,0.00013441232517052,0.99999794451759
22,"M5E","MV",0.000267181352588706,0.000125519933959394,0.999998711485994,0.000291954783335148,0.000126938947005394,0.999998455747595
22,"M5","servo",0.0683542083851176,0.0393054172810686,0.902287061535775,0.0670464237639235,0.0449852921629645,0.933213101224291
22,"M5E","servo",0.0683542083851176,0.0393054172810686,0.902287061535775,0.0670464237639235,0.0449852921629645,0.933213101224291
23,"M5","abalone",0.0758661397638137,0.0530081943033349,0.563704341821995,0.072102982764758,0.0510791805957941,0.625801280334231
23,"M5E","abalone",0.0753197634983162,0.0524799746747973,0.569965981054798,0.0723604226041079,0.0503752243412902,0.623124397030388
23,"M5","auto",0.0713051404014527,0.0510847236042804,0.876345865212023,0.0849705612924304,0.0646141415413924,0.826328677533485
23,"M5E","auto",0.0649912622126057,0.0467149486922021,0.897274820808017,0.0801900705348881,0.056850344042762,0.84532065365844
23,"M5","bos_housing",0.0569062484423888,0.0423423675939706,0.926159569109059,0.0747530661698914,0.051525582864978,0.862371190150513
23,"M5E","bos_housing",0.0532513536032858,0.0390113034191527,0.93534001278145,0.0664456239265707,0.0447159810393464,0.891261309151835
23,"M5","cali_housing",0.0898703873990128,0.0580496151368422,0.857652733563312,0.103586141304867,0.0652661745144103,0.806030671614762
23,"M5E","cali_housing",0.0829356318546081,0.0529958838275838,0.878773317749593,0.0946789472542615,0.0592248480187225,0.83795464304113
23,"M5","CASP",0.196121782267229,0.138309228252127,0.54612289600579,0.213817309036159,0.149047711289282,0.463157852639469
23,"M5E","CASP",0.1754950085083,0.124178094291354,0.63657386967863,0.191661017094267,0.13456418804623,0.56865133041783
23,"M5","elevators",0.0321810309439649,0.0234052615367716,0.898287255381851,0.0328478251041095,0.0241442897365547,0.901737880126029
23,"M5E","elevators",0.032083404834304,0.0232922997404097,0.898903441840228,0.0316846772751591,0.0234341592972336,0.908573632317814
23,"M5","fried",0.0326239981368371,0.0258490917987587,0.957024524123658,0.033366185653831,0.0265262926933977,0.955260268800764
23,"M5E","fried",0.031446280909236,0.0249815953485695,0.960071324289655,0.0318156086141172,0.0253946614556851,0.959321894577498
23,"M5","machine",0.0259456648556188,0.0162230254111027,0.95540865390773,0.033967783616926,0.0204659622678018,0.843931139913696
23,"M5E","machine",0.0254753315421614,0.0164949357527386,0.957010671213961,0.0284809012105881,0.0180177653566266,0.890279117357288
23,"M5","MV",0.000283421207669057,0.0001304530023404,0.999998540181784,0.000292795146363855,0.000131512875816719,0.9999984742031
23,"M5E","MV",0.000197065022531164,0.000122103591548652,0.999999294246266,0.000257000109964424,0.00012978913318179,0.999998824464902
23,"M5","servo",0.049069355407598,0.0241309268989082,0.951507203373158,0.0809867349517728,0.0439999925948785,0.915289398253681
23,"M5E","servo",0.049069355407598,0.0241309268989082,0.951507203373158,0.0809867349517728,0.0439999925948785,0.915289398253681
24,"M5","abalone",0.076367068870218,0.0529899386165086,0.56941569980159,0.0702270675115541,0.0492857696688387,0.571922911523113
24,"M5E","abalone",0.0761852368341389,0.0527422982220846,0.571463724194472,0.0695436739571084,0.0488812562208101,0.580213780728186
24,"M5","auto",0.0632176239024487,0.046440588259588,0.912014355990909,0.0933949567793342,0.0638814069050229,0.764954280475421
24,"M5E","auto",0.0639329690695339,0.0466550763846598,0.910011869856626,0.0841069136836296,0.0595153819096914,0.809379813919388
24,"M5","bos_housing",0.0486909034654865,0.0364823420753147,0.940528075803838,0.0871767083417621,0.0629777836916493,0.840040118286749
24,"M5E","bos_housing",0.0501607655920261,0.0357330451974373,0.936883248712504,0.084688817550305,0.0611703122207542,0.84903986371331
24,"M5","cali_housing",0.0895586748962271,0.0576699236197494,0.858767526416853,0.10028799229951,0.0640847026413559,0.820309603217051
24,"M5E","cali_housing",0.0819939694202259,0.0523363677352411,0.881618709387744,0.0926219010893769,0.0579193388950053,0.846730981960742
24,"M5","CASP",0.196519627244045,0.135802752941017,0.545181477290058,0.206746944306426,0.143020383420379,0.494594905378911
24,"M5E","CASP",0.17483474309491,0.123636188673889,0.640017192860686,0.185099742273513,0.131106643219603,0.594889924544051
24,"M5","elevators",0.0319563479371825,0.0237086884757336,0.900479056102696,0.0327643683261966,0.0242185221220611,0.89196122546579
24,"M5E","elevators",0.031561936898421,0.0233988965370887,0.902920507191407,0.0318277922123824,0.0236152946625643,0.898049566054583
24,"M5","fried",0.0326623831288836,0.0259393294085342,0.957058951480254,0.0340211956422323,0.026939589230187,0.952843402986556
24,"M5E","fried",0.0315230363037318,0.0250927733764115,0.960002486704135,0.0327773279059782,0.0258766732730725,0.956228603351247
24,"M5","machine",0.0354530618766249,0.0200238164787721,0.910884632486259,0.0288276335942497,0.0223764917942566,0.98722825469569
24,"M5E","machine",0.0253120430257738,0.0161162283256564,0.954574522074816,0.0449531367257199,0.0257946607531794,0.96894351754934
24,"M5","MV",0.000309433004363799,0.000132154650765756,0.999998273194246,0.000330661489117495,0.000133839321423493,0.999998003167208
24,"M5E","MV",0.00025026975157356,0.000122672867956486,0.99999887039412,0.00026286869959621,0.000122368526722515,0.999998738020736
24,"M5","servo",0.034473363470661,0.0218178765491217,0.976948155107734,0.112412721112601,0.0522009486593446,0.631237059911773
24,"M5E","servo",0.034473363470661,0.0218178765491217,0.976948155107734,0.112412721112601,0.0522009486593446,0.631237059911773
25,"M5","abalone",0.0748444217970323,0.0518828566225275,0.584520725034395,0.0742567788898457,0.0530485799300573,0.537816567901388
25,"M5E","abalone",0.0744335934199249,0.0516602511331296,0.589069419599235,0.073952611136268,0.0527528967996085,0.541595169034857
25,"M5","auto",0.0768940422259534,0.0556758501194493,0.86466954648606,0.0779881931212977,0.0516352338876997,0.862983792822924
25,"M5E","auto",0.0705504999211595,0.0498788333997112,0.886077280260146,0.075937856933163,0.0523813125517841,0.870093495290885
25,"M5","bos_housing",0.080150634466011,0.0525898050512551,0.845538106596547,0.0784598080008515,0.0574420986991692,0.865694673711008
25,"M5E","bos_housing",0.055783147102403,0.0404983622318514,0.925180732979995,0.0631201479837288,0.0451055382000595,0.913076987156364
25,"M5","cali_housing",0.0896391310346727,0.0573736771816556,0.857930329031211,0.110518921882797,0.0684212134264374,0.780363078688673
25,"M5E","cali_housing",0.0822782325203508,0.0522785311766081,0.880305000721147,0.102371605636301,0.0626549133619489,0.811552188569903
25,"M5","CASP",0.196709305015597,0.135700315408999,0.544488821580413,0.209439062087587,0.144163960072951,0.479701154345841
25,"M5E","CASP",0.174436483999097,0.123142259511564,0.641801403552728,0.187712099184127,0.132169146597724,0.582052216344794
25,"M5","elevators",0.0319548543288881,0.0235518798421628,0.901890808880731,0.0351149800160102,0.0248688436970417,0.871584094656016
25,"M5E","elevators",0.0309257683789808,0.0228186865071643,0.908108147103823,0.0329088212016891,0.0234641475347099,0.887213110678374
25,"M5","fried",0.0329027158697285,0.0261207081524042,0.956382931528512,0.0329379088340178,0.0262328731599682,0.955415234819057
25,"M5E","fried",0.0316965274005434,0.0252094809906581,0.959522251491801,0.0314198430721184,0.0250443671241988,0.959430237947104
25,"M5","machine",0.0354425030965963,0.0201899903623363,0.945791969784325,0.0437889810928779,0.0245621979985258,0.62404495463166
25,"M5E","machine",0.02374362368285,0.016043226416854,0.975671862859173,0.0367482877801687,0.0227593703777258,0.735222879298442
25,"M5","MV",0.000290166116612227,0.0001331440259746,0.999998474391947,0.000355829927591982,0.000135006111359483,0.9999977340294
25,"M5E","MV",0.000216969764320196,0.00012199472948373,0.999999147002002,0.000237204867026488,0.000122346772104108,0.999998993030033
25,"M5","servo",0.0687260819323697,0.0397974098078623,0.908639752136013,0.0721040556754066,0.049974356483328,0.879829817478227
25,"M5E","servo",0.0687260819323697,0.0397974098078623,0.908639752136013,0.0721040556754066,0.049974356483328,0.879829817478227
26,"M5","abalone",0.0737446708433799,0.0512865832746959,0.590186444371705,0.0798506159935837,0.0561946991268324,0.520408649840107
26,"M5E","abalone",0.074534203654104,0.051862100759611,0.581364293098827,0.0803408509811452,0.0564891280694238,0.514501765302442
26,"M5","auto",0.0722060225965853,0.0523731525361877,0.882425497512969,0.0673333587682135,0.0473645191643833,0.887836001184839
26,"M5E","auto",0.0712966644334927,0.0511032968536393,0.885368301302977,0.0639206391966514,0.0455670951628872,0.89891769305933
26,"M5","bos_housing",0.0543148006947528,0.0390116142666396,0.926893111386689,0.0591469576085939,0.0472076624820175,0.927285621026387
26,"M5E","bos_housing",0.0512857506839644,0.0371801389825845,0.93481985023012,0.0561084686974944,0.0432587678973971,0.934564667895167
26,"M5","cali_housing",0.0903430090303585,0.058533094595121,0.855928508061344,0.0990671857698944,0.0633422208355198,0.825465570155999
26,"M5E","cali_housing",0.0833823699326913,0.0531448779852592,0.877273762453376,0.0893815427404926,0.0566836583006656,0.857925167628693
26,"M5","CASP",0.196147216587434,0.136215839726341,0.545424364471342,0.20493283274907,0.142071235531539,0.513859537994422
26,"M5E","CASP",0.175310278435419,0.123556128457976,0.636874611626269,0.186357213704824,0.131207009716638,0.597995328438011
26,"M5","elevators",0.0318575779227961,0.0234474499643605,0.901511429112866,0.032971001867205,0.0245030586959678,0.887585330845127
26,"M5E","elevators",0.0314190872065517,0.0230381211703367,0.904203982436895,0.0323496946965647,0.023729803105398,0.891782107640552
26,"M5","fried",0.0329591447669438,0.0261187169981512,0.956188064417588,0.0339851092827672,0.027139965934526,0.953462530096086
26,"M5E","fried",0.0315930329984958,0.0251140923503476,0.959744686360086,0.0323998368364645,0.025938139187428,0.957702853150188
26,"M5","machine",0.0356814251674529,0.0203486128399704,0.944213115063543,0.0662904819883279,0.0286768923637333,0.437422322514829
26,"M5E","machine",0.0222341422444172,0.014944078583166,0.978338502026869,0.0589722212584112,0.0283952782383667,0.554779539031485
26,"M5","MV",0.000314747870037365,0.000137849880261757,0.999998205581999,0.000462738821165958,0.000147264227717237,0.9999961347852
26,"M5E","MV",0.000226382226385272,0.000124405453811394,0.999999071712139,0.000271443658386677,0.000128250822310536,0.999998669970843
26,"M5","servo",0.0463064035323038,0.0250230162829877,0.960338263307881,0.0763070394163912,0.037065768832023,0.878819408781745
26,"M5E","servo",0.0463064035323038,0.0250230162829877,0.960338263307881,0.0763070394163912,0.037065768832023,0.878819408781745
27,"M5","abalone",0.0751675237101307,0.0523355756778983,0.566755685622074,0.0749823624024575,0.0531594819903007,0.586669625530334
27,"M5E","abalone",0.0754091736824177,0.052035681270348,0.563965604037151,0.0751353082320578,0.0530826074726274,0.584981718432529
27,"M5","auto",0.0765487712847799,0.0542862154854875,0.861930586474722,0.0834320678308578,0.0602730536925877,0.820153027966413
27,"M5E","auto",0.0648551668293064,0.0469290097164632,0.900891661917553,0.0769945919439704,0.0563947670954339,0.846835697145371
27,"M5","bos_housing",0.0591837788066189,0.0402112510691759,0.915847181973496,0.11694554497089,0.0666664543715437,0.670542957906636
27,"M5E","bos_housing",0.049144902961378,0.0359629080844562,0.941974319037088,0.108080912574842,0.0655209928371158,0.718596537547471
27,"M5","cali_housing",0.0901404366238686,0.0582456304979238,0.857161513269536,0.0971038567261001,0.0622781301416744,0.820780124333022
27,"M5E","cali_housing",0.0834829608821828,0.053397298279897,0.877481516316815,0.0886229703202223,0.0560068509293657,0.850718559624815
27,"M5","CASP",0.195964522036253,0.135688637387971,0.547510108453205,0.209413850389367,0.144890803320119,0.480694432286093
27,"M5E","CASP",0.174526548372133,0.123209646089709,0.641097093100229,0.187864046407061,0.133869316524897,0.582073875578761
27,"M5","elevators",0.0318844623981769,0.0233950871907253,0.902409698751256,0.032547476001239,0.0241319765840725,0.898618769048486
27,"M5E","elevators",0.031525228290213,0.0231259935619808,0.904596360764315,0.0313922987530591,0.023444257223997,0.905687519627019
27,"M5","fried",0.032652056150572,0.0258964697040425,0.956823332298814,0.0339282758920777,0.0270098191204799,0.953761581022384
27,"M5E","fried",0.0312481622598704,0.0248400310047223,0.960456326281813,0.0322515330897961,0.0257289709550621,0.958218875773386
27,"M5","machine",0.038545991714073,0.0218985778742086,0.937790674710754,0.0339825908190067,0.0208666175025473,0.42608151942909
27,"M5E","machine",0.0268790206101916,0.0175753298704181,0.969750101325763,0.0371094970696996,0.0225788336106096,0.315604139284492
27,"M5","MV",0.000298356986423321,0.000133348939265896,0.999998383949658,0.000378695710806784,0.000137674442012896,0.999997484633892
27,"M5E","MV",0.000211762025015814,0.000122251814783371,0.99999918589837,0.000270166712356987,0.000126880550117187,0.999998719781472
27,"M5","servo",0.0444957750308409,0.0261913211174392,0.96016519930854,0.0840707689964306,0.0513635608014244,0.791427614120914
27,"M5E","servo",0.0444957750308409,0.0261913211174392,0.96016519930854,0.0840707689964306,0.0513635608014244,0.791427614120914
28,"M5","abalone",0.0760867604956937,0.0529594743529473,0.569153848335987,0.0768282780962193,0.0530253816739753,0.572815932257116
28,"M5E","abalone",0.0760668344713151,0.0527621494958883,0.569379483563853,0.0776353643486561,0.0533664962499621,0.563793594752072
28,"M5","auto",0.0701076916786794,0.0500513060714427,0.886994511756413,0.0755731443619906,0.0539831140602441,0.865812075003363
28,"M5E","auto",0.0642586018631079,0.0461941835717462,0.905064040555801,0.0786355401545643,0.0530924761334543,0.854716530884114
28,"M5","bos_housing",0.0621997213259569,0.0455657305874185,0.909209379609754,0.069421773966505,0.0476033004117655,0.884395122584604
28,"M5E","bos_housing",0.0586241461713341,0.0413300982044397,0.919347623856244,0.0517207329121545,0.0364583504089603,0.935832652959826
28,"M5","cali_housing",0.0900154057572971,0.0577829619090751,0.857562798183206,0.0991865741926316,0.0637089948989629,0.824895758628427
28,"M5E","cali_housing",0.0827728057126082,0.0526977310090166,0.879561566133979,0.0901253337424365,0.0568660795513979,0.855427844301871
28,"M5","CASP",0.196857424027802,0.136157186286599,0.542115461437659,0.209505117772875,0.14493525855792,0.48939397231328
28,"M5E","CASP",0.175602693168561,0.123745182203538,0.635653394471146,0.189601526773102,0.133535766294215,0.581803566194099
28,"M5","elevators",0.0320328073278433,0.023438620345781,0.901335061040052,0.0331583765622478,0.0241064835504696,0.886825250613994
28,"M5E","elevators",0.0311943771009017,0.0228861259453812,0.906432401222587,0.0328760075373849,0.0236952395552063,0.888744583075102
28,"M5","fried",0.0326470377304653,0.0259445615193219,0.956986283253483,0.0331958461151046,0.0263215085052832,0.954765060744859
28,"M5E","fried",0.031655909286102,0.0251821708891818,0.959558338103669,0.0321257534471295,0.0255118680334279,0.957634418668188
28,"M5","machine",0.0272713244666832,0.0176091165521809,0.957923391832454,0.13952801006118,0.0572056164073408,0.507497863789251
28,"M5E","machine",0.0240987067096298,0.0162617551344435,0.967143920927732,0.0767644381925906,0.0416430673571914,0.850924776383819
28,"M5","MV",0.000294683138214093,0.000133687685386906,0.999998429470486,0.000294179076946797,0.000130985363143942,0.999998418530827
28,"M5E","MV",0.000233686690250466,0.000123200427895491,0.999999012349052,0.000214460931880149,0.000121299673375887,0.999999159508073
28,"M5","servo",0.0474692186375534,0.0306341638016961,0.954965230546945,0.0396787152997042,0.0279102092504531,0.96791310005905
28,"M5E","servo",0.0474692186375534,0.0306341638016961,0.954965230546945,0.0396787152997042,0.0279102092504531,0.96791310005905
29,"M5","abalone",0.0761551888571538,0.0529128316658134,0.568819113324059,0.0758688838532557,0.0534428498661241,0.594746236461696
29,"M5E","abalone",0.0762696461040096,0.0530883935155302,0.567522054922898,0.0759044222224831,0.0537470380787726,0.594366491031393
29,"M5","auto",0.072144825011805,0.051969162942151,0.878016228771271,0.0577123465377959,0.0422303610675919,0.920864188591001
29,"M5E","auto",0.0703736217819975,0.0501464644356945,0.883932269608624,0.0614194195138696,0.0482168976264252,0.910371318170266
29,"M5","bos_housing",0.0554687229392909,0.0400314312706096,0.927401918464058,0.0586411315688531,0.0472073769715487,0.904884688857849
29,"M5E","bos_housing",0.0545496425400592,0.0386844364306394,0.929787792453278,0.0549154801005195,0.0432962320592409,0.91658669707615
29,"M5","cali_housing",0.0894197687333983,0.0578227063524048,0.858674635093985,0.1042895073102,0.0658269590154811,0.808898609142096
29,"M5E","cali_housing",0.0824673600875962,0.0526441483545072,0.879796471719107,0.0965622078430036,0.0596038907926208,0.836168657277295
29,"M5","CASP",0.196644490449997,0.136878053409986,0.545949864529398,0.209292057159891,0.145497866793852,0.481149932796031
29,"M5E","CASP",0.175101003898075,0.123604754734751,0.639987553409262,0.186628535719192,0.131097019770479,0.587434905683349
29,"M5","elevators",0.0316951198380942,0.0234601978108742,0.900186592729772,0.0319227340712481,0.0237603505856421,0.917954115287897
29,"M5E","elevators",0.0313328495936089,0.0231524579157009,0.902455256129593,0.0316060029484125,0.0232370991240092,0.919574124947462
29,"M5","fried",0.0327423517062319,0.0259551167252053,0.95655289434271,0.0334868532707205,0.026611197769355,0.956203594107113
29,"M5E","fried",0.0316385352155318,0.0251518681331892,0.959432910637513,0.0318025113239125,0.025266746209254,0.960498587500105
29,"M5","machine",0.0267518802462284,0.0171838771870943,0.965805059308453,0.0367534709249557,0.0232430838293151,0.941118245683027
29,"M5E","machine",0.0264305826030943,0.0174142658159035,0.966621508600332,0.0593029583653789,0.034069539819693,0.846701911276475
29,"M5","MV",0.000319335584042918,0.000131461247629284,0.999998154537039,0.000421518851450984,0.000139470148336557,0.999996772985356
29,"M5E","MV",0.000212650688598768,0.00011496572315163,0.999999181640197,0.00026742755082516,0.000121449547206204,0.999998701089506
29,"M5","servo",0.0591373374824326,0.0320836226187603,0.92212332381416,0.0492177140156148,0.0373941206530736,0.961952858681394
29,"M5E","servo",0.0591373374824326,0.0320836226187603,0.92212332381416,0.0492177140156148,0.0373941206530736,0.961952858681394
30,"M5","abalone",0.075740548062675,0.0529636802601711,0.567434676247606,0.0751888131798339,0.0538191380270808,0.60288752834243
30,"M5E","abalone",0.0754426644866651,0.0525176002549504,0.570830498448271,0.0759915419285623,0.0531127151033077,0.594362982604793
30,"M5","auto",0.0679481064534514,0.0485401434034928,0.894832807094747,0.0912155698995729,0.0686571163008984,0.70911456073579
30,"M5E","auto",0.0633116670931294,0.0454456327721982,0.908695314771984,0.0879842464251226,0.0625738146457266,0.72935882633699
30,"M5","bos_housing",0.0580341378133259,0.0425306724696712,0.918226421794289,0.140230484282083,0.0777453754410505,0.650040926433949
30,"M5E","bos_housing",0.0552198813991318,0.0396566404809185,0.925965036358735,0.097724898948687,0.0555621797641768,0.830041515258069
30,"M5","cali_housing",0.0891722544085209,0.0572901035011403,0.859652469281019,0.106060167723891,0.0662388785868278,0.8076963889563
30,"M5E","cali_housing",0.0819483870772471,0.0520525609576734,0.881470595220763,0.0976171804816402,0.0608926110315631,0.837094652936854
30,"M5","CASP",0.195405669042538,0.136085460281205,0.550450190012044,0.204253578118549,0.141813740827781,0.505136092671335
30,"M5E","CASP",0.175197813799921,0.1239425470426,0.638622702994383,0.187647764222687,0.132068485701003,0.582330058057028
30,"M5","elevators",0.0313666395919045,0.0232250717212955,0.90400912773313,0.0337514017559224,0.0244742711605766,0.893156171290132
30,"M5E","elevators",0.0317378543693532,0.0233502456199961,0.901723636838874,0.032546208902544,0.0235380951659268,0.900650284299478
30,"M5","fried",0.0327295434270456,0.0259565581163976,0.956798985977975,0.0336014927403779,0.0268175337105434,0.954541482758543
30,"M5E","fried",0.0314071369339492,0.0249367460206211,0.960219453707051,0.0319977455167076,0.025567935017456,0.958777257314313
30,"M5","machine",0.0290499164251094,0.0184839716658257,0.962130957795614,0.063362520493691,0.033425858123504,0.0962569722685072
30,"M5E","machine",0.0297550131104695,0.0186144246361027,0.960270340929834,0.0243042210078542,0.0192486965015302,0.86703311892585
30,"M5","MV",0.000308729989477429,0.000138378630701778,0.999998264946075,0.000310136236109807,0.000140908294303288,0.999998301616196
30,"M5E","MV",0.000199939340856593,0.000110222871013944,0.999999272300875,0.000198169964848432,0.000112625530644706,0.999999306563846
30,"M5","servo",0.0636044438231546,0.0368523245538693,0.913414650900912,0.0899199147717826,0.0521357817667907,0.847253194060369
30,"M5E","servo",0.0636044438231546,0.0368523245538693,0.913414650900912,0.0899199147717826,0.0521357817667907,0.847253194060369
